,United_States,United_States_Alabama,United_States_Alaska,United_States_Arizona,United_States_Arkansas,United_States_California,United_States_Colorado,United_States_Connecticut,United_States_Delaware,United_States_District_of_Columbia,United_States_Florida,United_States_Georgia,United_States_Hawaii,United_States_Idaho,United_States_Illinois,United_States_Indiana,United_States_Iowa,United_States_Kansas,United_States_Kentucky,United_States_Louisiana,United_States_Maine,United_States_Maryland,United_States_Massachusetts,United_States_Michigan,United_States_Minnesota,United_States_Mississippi,United_States_Missouri,United_States_Montana,United_States_Nebraska,United_States_Nevada,United_States_New_Hampshire,United_States_New_Jersey,United_States_New_Mexico,United_States_New_York,United_States_North_Carolina,United_States_North_Dakota,United_States_Ohio,United_States_Oklahoma,United_States_Oregon,United_States_Pennsylvania,United_States_Rhode_Island,United_States_South_Carolina,United_States_South_Dakota,United_States_Tennessee,United_States_Texas,United_States_Utah,United_States_Vermont,United_States_Virginia,United_States_Washington,United_States_West_Virginia,United_States_Wisconsin,United_States_Wyoming
0,3431639,49729,9676,83390,33147,414088,62809,30669,9655,7688,187248,120233,15464,22779,130840,69178,33342,34700,44444,55627,10303,60696,64151,89767,61251,34436,64375,11105,23444,33563,11278,88933,24023,194505,114801,8547,114411,44109,41493,112478,9759,57022,10803,68723,353457,50506,5258,89531,81973,16638,58448,6531
1,4399349,62697,11903,104244,41092,544805,81697,42090,12185,8857,243469,154894,19734,28667,167129,92522,43574,44586,59809,66551,13598,77426,80437,118877,78577,43282,82612,13947,29880,43426,14276,110897,30440,240974,144362,10644,145855,58357,55567,148323,12549,70989,13429,90821,448863,65135,6879,113418,102955,20580,74349,7867
2,5511015,81109,14101,132415,53015,684699,101803,50890,15116,10350,314268,192352,23036,35177,205705,114547,54175,53159,76391,84267,16967,99366,99177,148428,96405,55185,101191,17313,34990,55976,18224,137497,38446,299497,180080,12197,185642,71230,67439,187298,14998,89215,16238,114770,578192,77544,8133,139600,127580,26767,93521,9902
3,5021164,73511,12780,122592,50184,631781,91610,48618,14405,8422,290486,175127,20267,31766,191261,106001,49581,48317,67455,73974,16980,90121,90018,140372,87121,50474,91802,15762,31766,48985,17206,128084,34380,268743,162788,11544,167722,67138,60312,169857,13447,76757,15216,101704,521191,68738,7257,125045,115601,23196,85646,9853
4,4696593,69724,11971,114737,43180,587756,85760,46264,13582,7243,272399,165720,18520,30215,181058,97639,46018,45820,64077,67086,16935,80888,86440,131749,83447,45689,88918,14215,29801,46053,15966,120380,30652,245946,146918,10495,163524,60123,55315,167440,12446,69610,14131,95215,483063,65108,7185,120123,104387,21214,81822,8939
5,4679932,68526,11747,110423,44270,570187,86587,47615,13551,7108,268253,160995,19202,30557,179619,100618,46107,45095,63541,67986,16886,81507,86849,133389,82657,45139,86694,15108,29934,45195,17005,121652,31717,249169,146229,10820,163322,58740,55288,163979,13283,70609,13699,93886,492969,64194,7177,117759,106757,21794,81872,8979
6,4637278,66403,11223,111109,43707,567463,86952,46338,13199,6841,263971,163368,17819,29430,184425,98074,45737,45697,63063,67469,15669,81811,88923,136271,83782,44526,83745,13983,29104,44779,17541,123709,31925,253784,148808,10035,159176,60148,56089,161012,12823,70849,12903,93538,470722,62202,7215,116488,104529,21165,80375,8541
7,4622616,67215,11164,108820,43052,568252,85516,48566,13166,6366,257775,164067,18614,29589,182857,99521,44954,44150,62823,68436,15812,80134,89055,134672,82274,43173,83639,12920,29987,43891,17234,120309,30233,253466,149541,9575,160859,59089,55719,164336,13399,69111,13030,94753,471165,62909,7398,116294,102160,21221,79217,8205
8,4639944,67652,11148,107742,43591,560436,83546,48670,12681,6714,262057,164491,18660,29370,179877,99044,44370,42893,64182,67584,16076,84132,89040,138858,78648,44816,87076,13418,30376,43475,17138,122245,30962,248374,153252,9532,164906,58423,55225,165654,13677,72022,13106,97051,473046,61261,7503,118324,103369,22499,82049,7968
9,4765906,70993,11371,113513,44975,584313,86891,49561,13589,6485,273811,167860,19077,28766,185505,103105,44033,45580,61484,67479,16807,85869,87623,144831,78792,46115,89103,13820,28150,45483,18409,123726,31877,257206,156342,9613,170059,59131,57733,168648,13531,73760,12571,98381,485607,58789,7585,122522,104100,23287,83281,7560
10,4797231,71836,11695,113236,44295,575422,87414,51017,13826,6291,274586,173262,18561,28328,189257,105579,46464,45573,64508,68043,16816,87570,90778,141929,80994,46757,88458,13667,28670,45569,18819,127387,31756,262656,155787,9678,170385,61264,56879,171780,13634,73857,12882,100419,484114,59954,8024,119964,106693,23534,83255,8287
11,4768573,71503,11609,110453,44878,583022,82828,52739,13124,6206,282924,164999,18710,29105,184964,102965,45737,44322,64805,69411,17747,85128,89436,146977,78457,45702,87365,14345,27882,46291,18462,127160,31946,260230,150764,10170,166540,58948,57714,172247,13983,72988,13089,97412,480517,57015,8159,120952,107791,22921,83167,7931
12,4769239,72825,11587,110321,45275,590695,83594,51952,13205,6416,282924,160085,18124,28791,188717,100561,44363,45163,62623,68254,17363,83390,91771,148343,82992,44264,88445,14938,28662,43640,18595,126707,31312,261821,149985,10551,172346,57473,58712,169445,13967,72499,12799,97455,472603,56209,8354,115483,107696,22133,85029,7923
13,4733916,69504,11805,109054,44090,598582,79058,52086,13591,6626,277411,156949,17907,28670,192495,98215,46134,43065,62010,67116,16788,84496,93918,152129,81245,44241,86022,14308,27927,43322,18891,130716,29990,261940,146585,10325,167947,56265,58964,172301,14336,69491,12629,95764,455116,55470,8385,115624,105325,23031,82778,7545
14,4641944,66841,10137,104987,41316,595212,76516,53542,12670,6727,267615,154703,17999,27419,177383,97652,42248,40843,61312,66427,17424,86330,97716,142622,79139,44543,86391,12520,26903,43780,19639,125609,29188,264884,144340,8222,167846,54873,53689,176806,14762,69632,11593,93654,437518,53353,7925,119259,103544,21727,79784,6708
15,4881206,70077,11265,109185,42495,622890,79703,57648,13739,7017,284154,160104,19487,28194,192572,100618,44967,42831,64048,67011,18967,88578,104815,151919,81676,46132,87128,13212,27460,44130,20371,133680,31030,290863,152942,9508,173251,55890,57247,191583,16369,72847,12291,96805,456997,52661,9310,128397,106629,23431,83054,7312
16,4805894,71493,11691,106663,42085,618946,77939,55294,13710,6967,282103,160232,18740,26073,189026,98355,44830,41806,61705,67488,18702,87788,98344,152571,80048,45988,87931,14311,27035,43132,19834,131727,30660,279764,146740,9124,170888,55632,55351,192518,15531,71206,12431,95360,450357,50413,8658,119382,106200,22448,85558,7736
17,4704591,71722,11745,103734,42848,613497,76382,47125,14493,5575,288664,156885,18756,27179,183114,96219,43574,42512,61656,71563,16937,87424,80597,150888,78648,44107,85350,14914,26003,44944,18015,129983,32521,264884,139117,10374,166967,55415,57265,163731,12059,70154,13676,94449,452239,54278,7677,110120,103575,21130,80715,7752
18,4388687,66684,10666,102218,39214,599300,71456,39929,12549,6441,274268,143855,17119,25359,170573,91018,39213,37615,57025,67239,15274,76320,76420,141571,71613,41457,81150,13028,24352,42507,15782,112832,31144,243242,128048,8799,153194,52616,52395,155436,12681,66004,10601,87728,420971,49738,6297,100699,99821,21149,72298,7197
19,4369358,70098,10118,100324,41240,584169,69900,41444,12432,7828,279233,141653,16357,23016,162091,89936,39584,37013,56125,66837,14701,75008,84556,137153,64481,43428,78622,12534,23188,40254,15247,103663,28756,258917,131804,10052,149599,55257,54435,164144,14229,69860,10323,88957,409516,49335,7053,105692,99073,22719,69593,6981
20,4392019,70337,10105,102889,39952,590695,74022,38518,13150,8572,281375,142034,16923,23313,164122,89486,40078,38774,56892,68024,14215,75445,80189,140014,67532,41725,77385,13530,24010,40861,14440,102024,29373,259473,136071,11291,149900,54198,54533,162716,14409,70544,10494,87237,410899,47284,7041,105515,97133,21973,72260,7794
21,4375357,67954,10130,98881,39016,577286,75203,39781,13378,10038,273356,139428,17565,23281,165253,91005,40888,38843,56824,69220,14687,75056,83460,135366,68921,41882,79873,13125,23819,37953,14917,101170,27988,261821,137427,11981,150026,54624,53104,167468,15105,70957,12107,86631,405310,50185,7852,109626,97737,21874,74311,7789
22,4481325,68183,10801,95937,38684,578219,77756,44073,12355,12440,277000,143622,18365,23200,170213,93562,41033,39481,57696,68752,15128,79381,94386,133936,73767,40717,82388,13284,26218,39685,15491,106661,27945,281395,143607,12611,154374,56540,52341,169390,14521,70425,12680,88104,413776,51758,8036,114143,101109,21154,77204,8024
23,4514649,66746,10758,97497,38927,584242,81381,44088,12961,14921,274540,148347,19551,25214,177897,90077,40944,40744,58356,72874,15474,82528,93378,125984,73252,40239,83178,13885,26895,40855,14638,109206,28912,279406,141384,12757,149549,56490,53860,164226,13996,68893,12341,89765,424568,54436,7489,118729,102493,21229,77809,8531
24,4599290,64655,11891,99421,39323,593994,84154,44467,13069,16761,272080,146525,20290,24938,184322,92368,41925,43494,60394,73056,15359,87156,96899,127415,76519,41839,85259,13846,27022,41711,15430,112727,29633,289192,140317,12423,151032,55057,57607,174251,13572,69675,12375,92527,428386,54506,7656,121588,107520,21468,79167,8653
25,4623949,64915,11860,98211,39996,592989,86197,46189,11664,16992,278960,150296,20542,25744,184400,89853,42255,42132,59274,73046,15426,88578,97965,121864,79474,41336,85772,13921,28026,43058,14560,114191,31113,298900,142251,12223,152867,55357,56825,165132,13728,68774,13223,89795,437684,54409,7738,121728,110765,21002,78853,8911
26,4562634,62843,11633,100047,39881,592774,84872,44719,13011,17004,274358,144448,20611,25289,187535,89149,42316,42352,57064,71066,15056,86610,98388,121253,80025,38608,84574,13600,27976,44295,14368,113162,29258,285970,139805,11691,148116,55673,58137,160875,13347,67470,12485,90113,430655,52672,7215,120952,109891,20182,77004,8816
27,4671269,66372,12066,103996,41547,605108,89384,44467,13589,17131,280098,158432,21448,24974,187972,90035,43807,41923,60317,70377,14936,87776,97074,124598,82478,41918,87892,14170,28514,45232,15163,114575,28946,291777,143585,11895,152138,57140,59755,163072,13928,70251,12646,91747,435470,54626,7497,125786,108809,22363,79054,9138
28,4677266,66549,11801,104739,41605,601235,89628,42676,13628,17582,273948,155826,20316,24747,193523,88854,44239,41438,61130,67049,15706,85322,97643,127458,84500,40717,86720,14112,28534,46107,15897,112500,28519,286845,145585,12142,151686,57281,61391,167687,13084,71413,12148,93322,445265,53766,7513,126950,112738,22814,81293,9130
29,4734582,69724,11119,107158,42520,604032,88131,42239,13741,17210,278915,159174,20349,25090,191878,92593,42859,41512,63838,67690,15437,84252,97643,125649,85481,41869,88142,14170,28224,46781,16322,120606,28920,285930,146118,11382,156134,60081,60942,170873,13810,73411,12318,99319,451519,55121,7693,128026,113183,22928,81860,8941
30,4791232,69182,11273,106124,43052,601450,90697,43055,13373,16265,278277,164703,20842,24811,196787,95390,43196,40297,63675,68560,15876,87716,99002,129456,82801,41585,88129,14648,29219,49205,16089,123064,28756,295439,152142,10870,158446,60314,63655,170681,13185,73206,11917,98279,460207,54599,7625,130073,112436,24745,82677,8755
31,4437338,62677,10296,97482,38543,557138,84896,40887,12390,14666,261237,152161,18933,23200,175815,86942,40044,37867,60460,62418,14955,80098,92619,124891,77966,39184,83639,13966,26879,44461,15157,117172,26983,269101,142806,10094,149900,53365,59557,159337,12964,67416,11095,93698,418813,53603,7089,118218,104307,22224,77142,8242
32,4464663,64447,10240,99391,39279,569399,87912,45008,12300,14853,264380,153368,18438,24826,173631,88488,41603,39511,62259,63595,15690,80171,92647,122116,77691,39208,79346,13779,26478,45850,16277,118514,27195,266873,144941,9647,147589,52716,58766,153981,13041,67015,11184,91805,418979,54452,7468,119664,107807,23765,74550,7926
33,4328704,63770,9768,96083,37543,562658,81649,43294,11462,13827,256088,146482,18859,24306,173143,86381,39769,38750,59504,59874,14915,76344,87886,119550,75454,38165,78135,13153,24765,44485,14896,116701,26033,257723,138472,9377,140123,50057,57931,147004,12289,65375,11493,89969,405752,53325,7009,112573,104832,22164,73518,7351
34,4257392,60752,9534,94581,39343,554413,81003,42588,11844,12731,253720,145381,18225,23444,169647,86394,40765,37535,56441,57195,15586,76733,85710,116479,70022,36685,73421,12280,23527,42691,15609,119839,26153,252591,135115,9145,141657,48600,57535,144670,12606,63876,11163,83523,410014,49744,6686,108408,102811,22005,72600,7086
35,4383354,63593,10190,99857,39253,579151,87657,42565,11910,12862,262923,152500,18520,23020,168337,86984,41438,37026,59953,57148,15690,76478,88193,119696,72463,37552,77411,12537,23849,43836,16144,123500,26245,263571,143295,9084,144924,50791,57076,150246,12773,65287,10442,90417,414331,47360,7219,114636,103814,23296,72663,7382
36,4196744,62053,8880,93561,38972,541435,80542,41465,11488,11100,258139,147542,18330,21850,165099,85003,37050,35204,57743,54526,15906,73829,85797,117047,68072,36473,73421,11187,22007,42183,16544,112884,24345,240616,142607,8460,139722,48083,54273,148955,12198,64571,10006,87570,408963,44248,7194,109908,99057,21882,68587,6798
37,4393351,64384,9479,95091,40925,563017,81710,44846,12650,10784,277366,156801,18260,21715,169211,90541,37147,35608,58872,58075,16669,79940,90895,124198,70691,38717,78781,12080,23927,45403,17370,118236,25554,252948,151230,8639,149498,50366,56241,156398,13167,70447,10031,94652,419256,42603,7344,119187,103735,23276,69921,7142
38,4664603,67184,9722,104521,41354,577573,84349,49612,13452,10291,296956,170275,19395,23695,184657,94800,39048,37511,62623,61797,18161,84082,98417,136902,75526,39662,81993,13032,25784,46548,18967,128031,26508,273119,160054,9026,159150,53007,58758,171999,14788,73368,10815,98771,444823,42680,8276,126317,109780,24224,77343,7537
39,4968513,72148,10729,106081,42322,607689,91404,55962,14204,10977,312856,177034,20272,25893,193163,101447,43024,39959,65579,63815,20165,95187,107254,150089,83220,41948,87813,14201,27481,51342,21139,138786,28023,296712,170035,9880,179711,53632,64662,186722,15105,78983,11117,105230,455337,41820,8786,135030,119801,25979,83999,8222
40,4963848,70139,10996,107260,42200,631351,92413,57135,14519,11385,316546,173792,21668,24196,191313,99226,43841,39959,63666,64255,19818,94470,107327,146703,80515,41609,85943,13241,26994,52027,21233,141890,28717,307692,166744,9594,168349,55082,64060,179223,15462,75117,11183,101907,450578,41721,9000,131802,123937,26612,82250,8020
41,4702592,67298,10201,99332,39214,593277,86660,55888,13804,9627,301785,163241,18956,23988,181881,93675,41177,39542,61589,61385,19907,89975,103310,142307,79306,38789,81743,13497,26078,48006,21476,134952,26348,285533,154720,9874,164378,48492,59081,181860,15476,73857,10626,97166,412006,38119,8649,126721,114790,24641,79645,7509
42,4614619,65497,10215,94450,38529,573988,80457,53949,13419,9277,288892,157818,18727,22917,183268,91271,40935,37284,62890,60649,19812,93146,102697,141782,78170,37704,81243,12886,24819,43695,22027,136259,24972,286487,154964,9281,163398,50607,55469,179883,16381,72152,10893,96328,397784,37068,8947,124816,108554,24331,82299,7343
43,4602622,66226,9844,92950,39214,547601,80056,56541,13761,8925,292901,159682,19372,22193,181444,92930,41919,36854,64029,60305,20260,94021,107955,143169,80025,38425,79992,13291,24637,42709,22204,138333,25657,280877,151653,9285,164881,48749,54857,186364,17145,68871,11380,96183,397839,37461,9289,125433,105548,24554,83533,6908
44,4746579,71648,10431,92979,39509,569399,80274,60142,14332,9703,314815,164046,20295,21681,184579,96443,42165,39002,66249,62677,20536,96426,112089,146535,83172,39433,84324,13786,25487,43402,22236,142412,26041,291580,157499,9649,168199,51508,54480,193533,17120,70164,11552,100389,403872,34968,9826,133213,101873,24355,86552,7545
45,5019831,74522,11175,102481,43911,592631,86088,62036,15014,10055,328984,170295,21912,23292,195630,104441,45729,42850,70450,69268,22690,101747,118603,151393,85947,44259,89103,14684,27572,46958,25537,148391,27863,308407,162899,10441,178579,56098,58955,204658,18823,75899,12646,107093,421248,37020,10312,140870,115299,27305,93748,8003
46,5061151,76530,10769,100688,44711,593062,86575,64435,14993,10162,336866,168410,21579,24624,195836,105256,48201,43015,70018,69994,22298,104250,116646,160458,88568,42300,95147,15606,28241,46425,24571,147798,29124,307255,166856,10389,180841,57824,59197,203916,17662,76497,13753,106820,426782,36736,10868,141611,113899,26019,93886,8237
47,5118468,75926,11302,102291,44436,606470,92436,61294,14861,10418,341513,165571,21822,25525,193703,101475,47865,44365,72181,70071,23496,101200,118530,163655,91572,43678,99071,16835,29814,47442,24821,153202,31907,306937,165878,11649,182199,59673,61318,202131,17890,79516,13711,106184,429936,38619,10797,141505,119483,26736,96062,8896
48,5172451,76031,12339,105469,44967,611561,91805,60307,15222,10506,336911,165804,20803,26850,200128,103977,50131,47231,71071,71363,23998,102586,117435,163740,96011,45272,100177,18237,29264,46524,26123,152034,33210,312984,164833,12051,185064,60531,62622,209987,17347,79385,13709,104769,437684,38860,10964,142563,118768,26095,97911,8785
49,5205109,75551,12407,103719,47499,595069,94687,62163,16520,9993,343472,164152,20595,26295,199845,106732,50796,47833,73090,71555,23679,103218,116763,167841,98296,44840,104918,17950,30421,46542,25880,152348,33598,319548,165766,12941,192479,59873,62927,212459,17927,82753,14077,110218,425011,39888,11707,141929,122315,26903,100441,8978
50,5281752,76874,13333,107363,46377,614931,94760,63559,15500,10534,339600,165444,22115,26525,205242,107729,52294,47046,73137,74645,23776,104493,118209,168409,99613,45532,103297,18731,31437,47356,25758,155259,33396,326590,167323,12559,195142,61231,63754,219161,18430,82069,14735,108367,437795,40552,11253,142175,121090,27389,99346,9952
51,5091143,75510,11906,102248,45423,570116,91865,62238,15306,9456,328529,160402,20510,24871,197943,106128,49609,44384,72975,71334,24348,101675,113637,170070,97159,44755,99453,18021,31057,43726,26407,149228,31950,309841,161010,12327,193509,58440,63089,213997,16944,78788,13252,106647,420030,38326,11526,135877,119992,28177,98767,9810
52,5206442,76634,12615,102379,45346,607904,90893,61992,16553,9904,330305,160508,21727,25798,201979,110133,49952,45697,70966,72865,24482,101845,117435,174844,96454,45617,99637,19252,30747,44130,25268,149612,32787,319150,161877,13472,198938,62422,67305,223665,18349,79809,14201,107934,418149,39463,11577,138259,125067,30267,97724,10125
53,4996504,77675,11893,100863,44206,564881,90431,60091,15478,9243,326022,156207,22502,24641,193909,107027,49870,43930,69073,69994,24713,97216,109021,168935,88891,45120,95107,18290,30483,43713,24837,143109,31963,305664,153675,13080,192052,59673,65111,211525,18451,76670,13705,104205,391807,37379,12046,134536,119054,30403,93836,9705
54,4922527,74875,11345,97292,43405,568825,84617,59764,14102,9361,315817,151228,22312,24765,191955,103780,48819,42248,70267,69105,25185,94167,109841,164917,86259,42943,90815,18443,29644,42618,23869,135701,32753,303196,153586,12717,189789,57923,67331,210701,17063,76648,14119,104479,387490,35822,11922,134378,121248,28870,91093,10024
55,4853214,74657,12190,96243,43629,551975,83509,55784,14371,9261,313038,147499,21787,24299,185583,103626,48805,44224,68966,67393,23964,94167,108641,159196,84919,43798,88932,17978,27960,44136,23914,137166,31298,306539,148385,12613,187401,58273,67673,205784,16748,75649,13208,101025,386716,36726,11237,126881,122410,29507,91483,9740
56,4603955,70171,11282,94888,43110,526950,83838,53637,13567,9077,297412,142732,21291,24168,171240,97357,46485,40966,67244,64800,23740,86561,100930,151099,81867,41670,89169,18541,26829,41019,22821,125521,30159,269778,142117,12353,175789,54698,67340,198231,16805,74248,13726,96342,365521,34679,10913,120211,114854,29419,88137,9253
57,4462664,68245,10914,90006,40708,498770,81235,52316,13904,9233,296272,130593,21412,24514,169211,93099,46059,38413,65503,61634,22839,85455,100404,147880,78984,39032,85140,18467,26870,39513,22065,121059,29383,268067,140606,11485,172170,52741,67655,192572,16251,70729,12841,94117,347313,33983,10913,118394,110687,29948,84942,8956
58,4289382,67297,10320,89423,39804,463851,79277,48269,13177,8707,287068,129618,19867,23532,164996,88404,44906,36658,62565,63117,21774,81020,94444,143232,80145,38947,83494,18043,27634,37138,20707,112030,28842,253307,138139,10931,171592,49158,62874,183893,14995,71055,12172,90576,332980,31179,10223,114495,104896,30116,81948,9043
59,4072114,64707,9989,87003,38510,446212,75397,45491,12646,8876,278368,118707,19420,22348,154870,83724,41960,35965,58498,54402,20661,78810,88762,137259,72941,36910,80044,16769,25884,36936,19692,111577,27250,243480,130715,10061,153772,47974,60150,170187,14706,69165,11573,86269,314276,29487,9890,106998,98342,27993,78765,7947
60,4074780,63916,9491,87310,38112,455247,73086,45343,12782,8640,281466,121801,20123,21401,153328,84765,40518,34112,58384,56411,20843,76927,89741,135471,70512,37340,78121,16197,24422,37212,19906,108840,27168,249169,127315,10315,155104,48367,60843,170049,14519,68568,11232,87512,312284,28948,9582,107262,100537,27767,75594,7893
61,4038791,64540,8655,87718,39734,437034,68939,44482,13276,8746,286933,123432,19454,22348,150398,83991,40353,35474,58451,57367,20886,76259,87740,134315,66791,36146,77779,16307,24278,38240,19546,109084,26754,243560,133449,9018,155053,49600,58874,169198,13817,71174,10609,86774,310402,27985,9892,107333,97897,30017,73770,7629
62,4099439,65372,8374,92206,39868,434525,72211,46309,13519,8250,306022,125465,19495,22797,151222,81040,40051,35173,59934,58898,21549,76174,87594,132421,69280,38268,79451,16229,24125,39703,20646,111995,27781,248493,138895,9252,151962,50581,58434,171175,14097,74324,10446,86471,310402,28251,9666,109732,102844,28439,73581,7652
63,3948151,61543,7856,85255,39055,425705,68477,46999,13423,7769,298642,115253,18124,21167,141839,81995,39296,34995,55983,55225,20527,74947,86177,124619,65642,36242,76870,14777,22543,39667,19460,107568,26153,238546,131471,8898,145025,49333,57436,167906,14533,71902,9640,88827,295958,26510,9016,105515,97642,27615,72890,7164
64,3012431,50781,5701,68991,30361,319583,49879,34508,10067,6480,235040,91164,15169,15911,109765,60773,29799,24336,42032,42416,15070,54488,66955,92291,48483,27377,59148,11443,15922,30165,14336,84140,20051,178472,105043,7295,104132,36992,43686,124041,10196,54100,7977,69720,231985,20294,7111,81858,71457,19767,52472,5478
65,3074413,50010,6009,71017,32117,328403,51095,34345,10510,6483,248709,92648,15867,16694,108404,60042,29861,25833,42233,43430,15091,56699,66049,96330,50565,28615,59674,11622,16983,31457,14108,84454,21039,181496,104398,6921,103930,39226,44846,125442,10288,55751,7931,73796,237685,21611,7332,81064,74002,20229,54435,5539
66,2927123,45171,5435,71351,30444,311983,47422,33900,9783,6110,243924,88623,14414,15651,105217,55516,28323,23913,42999,39048,14711,52690,63085,93301,47479,26061,58752,11010,17404,29614,13603,75215,20634,170157,97664,7183,106444,37518,43407,121130,9866,51678,7821,62899,222079,20948,6795,76635,72984,19421,51504,5286
67,2965778,45535,4949,72401,31290,308111,45586,34004,10660,6014,250258,86631,13395,15747,109098,58679,28921,23723,42692,39479,14501,54694,64166,98264,49369,26680,58871,11584,16170,30201,13695,82083,20306,179030,100197,6822,108053,36010,43489,130771,10091,51700,7640,67119,213391,20600,7075,78664,67528,20035,53101,5142
68,2639210,42526,4557,67023,28605,271829,42169,30484,8974,5441,223241,78919,12184,14415,95938,52030,26689,21023,37315,36312,13215,47101,55840,85413,41520,24624,55697,9838,14774,27017,12036,68852,17962,153130,88818,5963,100487,34302,38132,109429,8584,46910,7001,61728,194298,17769,5679,68327,61864,18298,47289,4607
69,2442602,40009,3873,60465,25998,247305,38702,25938,8524,4713,213673,72520,10092,13323,87894,49964,24965,20385,36090,33930,11906,41209,51297,77841,41412,23418,49509,9149,13701,24055,11056,62456,15999,139245,86017,5405,89026,32286,34680,105831,7723,44423,6539,58736,185997,17144,5461,64146,54262,17208,43892,4219
70,2301977,38780,3460,60494,25338,236263,35576,24305,7971,5083,205791,68453,10600,12255,83988,46197,24265,18065,34264,31826,11334,41452,46594,71174,37882,22326,47218,8651,13106,23681,10101,58865,16383,135824,77570,5100,81912,31211,34168,94954,7509,39893,6548,54603,167957,15309,4855,61234,48789,16420,39828,4100
71,2225333,37531,2955,54009,23250,231746,33496,24246,8119,4311,189937,62584,10131,12467,80956,43345,23524,18783,33086,30640,10707,38451,47660,70606,36673,22806,46481,8285,13655,21795,9480,57680,15067,131288,75393,5653,82667,29478,30206,94350,7023,38894,6150,50484,166518,15125,4538,57794,48137,16018,42797,3917
72,2180013,37239,3055,53120,23506,226153,34700,23473,7982,4080,190301,59533,9164,11669,78437,42459,22975,19249,32090,31434,10847,35536,45250,68692,35849,21896,43267,7701,13416,20423,9422,61270,14885,131288,71414,5376,81409,28928,29702,95668,6855,37710,6273,49009,159655,15347,4452,56100,47071,15496,39477,3626
73,1998068,34231,2629,49681,20815,203351,30747,21305,7096,3543,178957,53813,7870,10767,73322,38735,22192,18218,27632,28334,10036,32728,42724,61563,33240,19640,41121,7495,12092,18403,8627,56076,14786,121939,68080,5188,73517,26145,26943,88966,6328,34050,6243,44182,141836,14754,3993,50367,41328,15177,37916,3361
74,1829452,27280,1847,46562,19059,195249,24386,20651,5710,2978,166200,50063,7867,8743,71190,39058,19033,14893,25527,27760,8236,31271,38472,58576,29793,17967,38225,5882,9812,16518,7252,46959,11618,109208,61212,4459,68566,20621,24040,84159,5877,29195,5054,43705,133812,12555,4047,41969,38687,12210,34004,3064
75,1780800,27342,2068,46227,18547,193958,24556,20354,5503,2994,156086,51441,7662,8813,65124,36978,18806,15199,25632,27005,8022,29279,39291,57083,28681,17378,37605,5740,10481,15709,7391,46889,12050,103717,58101,4678,66706,21913,22917,81659,5311,28543,5111,38950,129938,13247,3636,42111,37336,12251,32847,2585
76,1612850,25811,2014,40849,17227,171945,24484,17614,5518,3077,144013,43220,6992,7976,59162,34645,16808,15046,22599,22374,8192,26715,34120,49448,26407,15444,33510,5819,9581,14620,7003,44188,10815,96795,50876,4334,60975,21046,21164,75178,5467,27577,4998,36652,116767,11554,3315,38070,32483,10718,28015,2544
77,1611517,26863,1872,39770,16310,178614,21698,17570,5397,3079,147339,41271,7637,8252,59162,32831,16650,14438,21987,22088,7754,28477,36662,51088,26635,15026,32352,5757,9515,14130,6889,45896,9637,93691,50321,4322,62861,21538,20445,73255,6100,26773,4755,35467,112063,11298,3346,39640,34758,10658,29601,2602
78,1526876,24281,1860,37250,15811,158393,22404,17659,5128,2865,136860,39236,8437,8265,54767,32409,17502,13843,20877,20212,7915,26011,34602,48396,26467,13564,31114,5831,10221,12520,6794,44048,9913,93174,44831,4315,59241,19880,20050,75645,5473,25024,4614,34759,105699,10253,3354,37083,31449,9901,29727,2823
79,1538206,23949,1987,35603,14991,163914,23547,18557,5317,2599,143830,38008,8629,8131,56052,32987,18154,14524,20398,20586,7930,25172,34661,47533,25881,13922,31088,6039,10130,11779,7037,44153,10094,92140,44475,4127,62836,19871,20410,75452,6390,23960,5160,33631,104481,9523,3337,35389,32436,10427,29576,2823
80,1468894,22721,1869,35108,15068,155668,19205,18379,4734,2895,130299,34915,8162,7700,54253,31538,17543,13708,20428,19180,8022,23896,34587,47870,25331,13110,28520,5908,9251,11057,6385,43421,9473,90668,42787,3996,61353,18455,19313,73282,6328,22070,4864,30958,101549,8990,3151,34489,31513,10670,27475,2657
81,1386918,21398,1598,32236,13101,146060,19934,17377,4588,2528,126290,31504,7736,7135,50963,30190,16548,13297,18820,18864,6945,23909,33784,44568,24170,11533,27256,5159,9614,9819,5689,40179,9179,87087,39807,3906,57683,16671,17641,72458,6073,20506,4459,28717,91477,9824,3000,32090,28570,9890,27010,2367
82,1326269,20243,1613,28825,12864,137671,19655,16819,4311,2421,118956,30423,6987,6456,49498,28854,16300,13162,18705,18069,6613,23192,32148,44253,24397,11921,26650,5092,8924,9495,5709,38069,8662,83110,38073,3921,55220,15838,17668,69327,5719,20984,4505,28920,83784,9230,2809,29956,28602,9810,25109,2091
83,1212303,17891,1009,25896,12012,127417,15750,16404,3905,2351,110481,27415,6214,5996,47263,26268,13759,12100,16122,15860,5813,21722,29796,39605,21633,11660,24188,4158,7884,8816,5219,38383,7320,78296,36451,3336,52606,14605,16509,62460,4855,17540,4206,25394,74044,8556,2154,26321,25564,8576,23600,1689
84,6486058,86147,5817,139395,58896,742133,88131,91028,17963,14301,577783,142393,36620,33339,261861,132818,74341,65750,77989,77188,30250,112645,166293,209506,117608,50280,122535,25524,41529,41460,26758,202515,40224,423306,178969,18768,261121,77828,96341,345126,29658,91279,22028,121664,383340,42843,13504,150237,152238,40986,124960,9830
